<?xml version='1.0' encoding='UTF-8' ?>
<timeLogEntries>
  <time id="1" path="/Proyecto/PSP Fundamentals &amp; Advanced/Program 1/Planning" start="@1486237012744" delta="30" interrupt="2" />
  <time id="2" path="/Proyecto/PSP Fundamentals &amp; Advanced/Program 1/Design" start="@1486238949181" delta="131" interrupt="4" />
  <time id="3" path="/Proyecto/PSP Fundamentals &amp; Advanced/Program 1/Code" start="@1486247062630" delta="252" interrupt="32" />
  <time id="4" path="/Proyecto/PSP Fundamentals &amp; Advanced/Program 1/Compile" start="@1486264139950" delta="3" />
  <time id="5" path="/Proyecto/PSP Fundamentals &amp; Advanced/Program 1/Test" start="@1486264325340" delta="73" />
  <time id="6" path="/Proyecto/PSP Fundamentals &amp; Advanced/Program 1/Postmortem" start="@1486268714235" delta="3" />
  <time id="7" path="/Proyecto/PSP Fundamentals &amp; Advanced/Program 2/Planning" start="@1487458274932" delta="75" interrupt="6" />
  <time id="8" path="/Proyecto/PSP Fundamentals &amp; Advanced/Program 2/Planning" start="@1487464038503" delta="30" />
  <time id="9" path="/Proyecto/PSP Fundamentals &amp; Advanced/Program 2/Design" start="@1487465817361" delta="34" />
  <time id="10" path="/Proyecto/PSP Fundamentals &amp; Advanced/Program 2/Design" start="@1487468576006" delta="15" />
  <time id="11" path="/Proyecto/PSP Fundamentals &amp; Advanced/Program 2/Design" start="@1487477198312" delta="165" />
  <time id="12" path="/Proyecto/PSP Fundamentals &amp; Advanced/Program 2/Code" start="@1487487119820" delta="206" />
  <time id="13" path="/Proyecto/PSP Fundamentals &amp; Advanced/Program 2/Code" start="@1487523819418" delta="106" />
  <time id="14" path="/Proyecto/PSP Fundamentals &amp; Advanced/Program 2/Code" start="@1487534161800" delta="58" />
  <time id="15" path="/Proyecto/PSP Fundamentals &amp; Advanced/Program 2/Code" start="@1487539437320" delta="62" />
  <time id="16" path="/Proyecto/PSP Fundamentals &amp; Advanced/Program 2/Compile" start="@1487543185872" delta="2" />
  <time id="17" path="/Proyecto/PSP Fundamentals &amp; Advanced/Program 2/Test" start="@1487543280903" delta="35" interrupt="22" />
  <time id="18" path="/Proyecto/PSP Fundamentals &amp; Advanced/Program 2/Test" start="@1487546839458" delta="79" interrupt="9" />
  <time id="19" path="/Proyecto/PSP Fundamentals &amp; Advanced/Program 2/Test" start="@1487553050609" delta="35" interrupt="7" />
  <time id="20" path="/Proyecto/PSP Fundamentals &amp; Advanced/Program 2/Test" start="@1487556278195" delta="30" interrupt="2" />
  <time id="21" path="/Proyecto/PSP Fundamentals &amp; Advanced/Program 2/Test" start="@1487558746467" delta="6" />
  <time id="22" path="/Proyecto/PSP Fundamentals &amp; Advanced/Program 2/Test" start="@1487559468538" delta="2" />
  <time id="23" path="/Proyecto/PSP Fundamentals &amp; Advanced/Program 2/Test" start="@1487560052094" delta="12" />
  <time id="24" path="/Proyecto/PSP Fundamentals &amp; Advanced/Program 2/Test" start="@1487561563137" delta="23" />
  <time id="25" path="/Proyecto/PSP Fundamentals &amp; Advanced/Program 2/Postmortem" start="@1487562930639" delta="3" />
  <time id="26" path="/Proyecto/PSP Fundamentals &amp; Advanced/Program 2/Postmortem" start="@1487563453741" delta="47" interrupt="2" />
  <time id="27" path="/Proyecto/PSP Fundamentals &amp; Advanced/Program 3/Planning" start="@1488691129418" delta="31" interrupt="1" />
</timeLogEntries>
