<?xml version='1.0' encoding='UTF-8' ?>
<timeLogEntries>
  <time id="28" path="/Proyecto/PSP Fundamentals &amp; Advanced/Program 3/Planning" start="@1488723068397" delta="9" flag="A" />
  <time id="29" path="/Proyecto/PSP Fundamentals &amp; Advanced/Program 3/Planning" start="@1488724192877" delta="33" flag="A" />
  <time id="30" path="/Proyecto/PSP Fundamentals &amp; Advanced/Program 3/Planning" start="@1488727232925" delta="12" interrupt="4" flag="A" />
  <time id="31" path="/Proyecto/PSP Fundamentals &amp; Advanced/Program 3/Planning" start="@1488731247141" delta="3" flag="A" />
  <time id="32" path="/Proyecto/PSP Fundamentals &amp; Advanced/Program 3/Planning" start="@1488740147146" delta="21" flag="A" />
  <time id="33" path="/Proyecto/PSP Fundamentals &amp; Advanced/Program 3/Planning" start="@1488741826938" delta="58" interrupt="2" flag="A" />
  <time id="34" path="/Proyecto/PSP Fundamentals &amp; Advanced/Program 3/Design" start="@1488745480357" delta="48" flag="A" />
  <time id="35" path="/Proyecto/PSP Fundamentals &amp; Advanced/Program 3/Design Review" start="@1488748368179" delta="46" flag="A" />
  <time id="36" path="/Proyecto/PSP Fundamentals &amp; Advanced/Program 3/Code" start="@1488751152000" delta="326" interrupt="23" flag="A" />
  <time id="37" path="/Proyecto/PSP Fundamentals &amp; Advanced/Program 3/Code Review" start="@1488772163345" delta="43" flag="A" />
  <time id="38" path="/Proyecto/PSP Fundamentals &amp; Advanced/Program 3/Test" start="@1488774773000" delta="110" flag="A" />
  <time id="39" path="/Proyecto/PSP Fundamentals &amp; Advanced/Program 3/Postmortem" start="@1488781106960" delta="1" flag="A" />
  <time id="40" path="/Proyecto/PSP Fundamentals &amp; Advanced/Program 3/Postmortem" start="@1488781175085" delta="9" flag="A" />
  <time id="41" path="/Proyecto/PSP Fundamentals &amp; Advanced/Program 3/Postmortem" start="@1488781737711" delta="6" flag="A" />
  <time id="42" path="/Proyecto/PSP Fundamentals &amp; Advanced/Program 3/Planning" start="@1488782111459" delta="1" flag="A" />
  <time id="43" path="/Proyecto/PSP Fundamentals &amp; Advanced/Program 3/Postmortem" start="@1488782160542" delta="12" flag="A" />
</timeLogEntries>
